Index,Original Method File,Original Method,Original Method Time,Original Method Result,Original Result File,Original Error Message,Original Error Message File,New Method File,New Method,New Method Time,New Method Result,New Method Result File,New Method Error Message,New Method Error Message File,Prompt File,Prompt Length,Prompt Index,Prompt name,Error message,Feedback,Try,Number placeholders,Placeholder position,Diff,Url
0,.//results/EnsureUntilTerminates_fix_98.dfy,EnsureUntilTerminates,4.609953,Errors,./results_llm/EnsureUntilTerminates_0.txt,possible violation of postcondition of forall statement,./results_llm/EnsureUntilTerminates__0_error.txt,./results_llm/EnsureUntilTerminates_fix_EmbeddedPlaceholder_0_1.dfy,EnsureUntilTerminates,4.742283,Errors,./results_llm/EnsureUntilTerminates_fix_0.txt,assertion might not hold,./results_llm/EnsureUntilTerminates_fix_0_error.txt,/usr/local/home/eric/dafny_repos/Dafny-VMC/src/ProbabilisticProgramming/EnsureUntilTerminates_fix_98.dfy_0_1_EmbeddedPlaceholder_prompt,2932,1,EmbeddedPlaceholder,,False,1,1,1,"assert WhileLoopExitsAfterOneIteration(body, reject, a) == proposalIsAccepted;
",http://c10-10.sysnet.ucsd.edu:8866/?results=.%2Fresults_llm%2Ftmp_dafnyVMC%2Foutput_EmbeddedPlaceholder-r3_dafnyVMC_32.csv&assertions=.%2Fresults%2Ftmp_dafnyVMC%2Ftesting_dafnyVMC_k33_32.csv&method=0
0,.//results/EnsureUntilTerminates_fix_98.dfy,EnsureUntilTerminates,4.609953,Errors,./results_llm/EnsureUntilTerminates_0.txt,possible violation of postcondition of forall statement,./results_llm/EnsureUntilTerminates__0_error.txt,./results_llm/EnsureUntilTerminates_fix_EmbeddedPlaceholder_0_2.dfy,EnsureUntilTerminates,5.263194,Errors,./results_llm/EnsureUntilTerminates_fix_0.txt,assertion might not hold,./results_llm/EnsureUntilTerminates_fix_0_error.txt,/usr/local/home/eric/dafny_repos/Dafny-VMC/src/ProbabilisticProgramming/EnsureUntilTerminates_fix_98.dfy_0_1_EmbeddedPlaceholder_prompt,2932,1,EmbeddedPlaceholder,,False,2,1,1,"assert WhileLoopExitsAfterOneIteration(body, reject, a) == proposalIsAccepted;
",http://c10-10.sysnet.ucsd.edu:8866/?results=.%2Fresults_llm%2Ftmp_dafnyVMC%2Foutput_EmbeddedPlaceholder-r3_dafnyVMC_32.csv&assertions=.%2Fresults%2Ftmp_dafnyVMC%2Ftesting_dafnyVMC_k33_32.csv&method=0
0,.//results/EnsureUntilTerminates_fix_98.dfy,EnsureUntilTerminates,4.609953,Errors,./results_llm/EnsureUntilTerminates_0.txt,possible violation of postcondition of forall statement,./results_llm/EnsureUntilTerminates__0_error.txt,./results_llm/EnsureUntilTerminates_fix_EmbeddedPlaceholder_0_3.dfy,EnsureUntilTerminates,4.539362,Errors,./results_llm/EnsureUntilTerminates_fix_0.txt,assertion might not hold,./results_llm/EnsureUntilTerminates_fix_0_error.txt,/usr/local/home/eric/dafny_repos/Dafny-VMC/src/ProbabilisticProgramming/EnsureUntilTerminates_fix_98.dfy_0_1_EmbeddedPlaceholder_prompt,2932,1,EmbeddedPlaceholder,,False,3,1,1,"assert WhileLoopExitsAfterOneIteration(body, reject, a) == proposalIsAccepted;
",http://c10-10.sysnet.ucsd.edu:8866/?results=.%2Fresults_llm%2Ftmp_dafnyVMC%2Foutput_EmbeddedPlaceholder-r3_dafnyVMC_32.csv&assertions=.%2Fresults%2Ftmp_dafnyVMC%2Ftesting_dafnyVMC_k33_32.csv&method=0
0,.//results/EnsureUntilTerminates_fix_98.dfy,EnsureUntilTerminates,4.609953,Errors,./results_llm/EnsureUntilTerminates_0.txt,possible violation of postcondition of forall statement,./results_llm/EnsureUntilTerminates__0_error.txt,./results_llm/EnsureUntilTerminates_fix_EmbeddedPlaceholder_0_4.dfy,EnsureUntilTerminates,,,./results_llm/EnsureUntilTerminates_fix_0.txt,unresolved identifier: s,./results_llm/EnsureUntilTerminates_fix_0_error.txt,/usr/local/home/eric/dafny_repos/Dafny-VMC/src/ProbabilisticProgramming/EnsureUntilTerminates_fix_98.dfy_0_1_EmbeddedPlaceholder_prompt,2941,1,EmbeddedPlaceholder,,False,4,1,1,"assert WhileLoopExitsAfterOneIteration(body, reject, a)(s) == (proposal(s).Satisfies(accept));
",http://c10-10.sysnet.ucsd.edu:8866/?results=.%2Fresults_llm%2Ftmp_dafnyVMC%2Foutput_EmbeddedPlaceholder-r3_dafnyVMC_32.csv&assertions=.%2Fresults%2Ftmp_dafnyVMC%2Ftesting_dafnyVMC_k33_32.csv&method=0
0,.//results/EnsureUntilTerminates_fix_98.dfy,EnsureUntilTerminates,4.609953,Errors,./results_llm/EnsureUntilTerminates_0.txt,possible violation of postcondition of forall statement,./results_llm/EnsureUntilTerminates__0_error.txt,./results_llm/EnsureUntilTerminates_fix_EmbeddedPlaceholder_0_5.dfy,EnsureUntilTerminates,4.39393,Errors,./results_llm/EnsureUntilTerminates_fix_0.txt,possible violation of postcondition of forall statement,./results_llm/EnsureUntilTerminates_fix_0_error.txt,/usr/local/home/eric/dafny_repos/Dafny-VMC/src/ProbabilisticProgramming/EnsureUntilTerminates_fix_98.dfy_0_1_EmbeddedPlaceholder_prompt,2944,1,EmbeddedPlaceholder,,False,5,1,1,"assert Quantifier.WithPosProb((s: Rand.Bitstream) => (WhileLoopExitsAfterOneIteration(body, reject, a))(s));
",http://c10-10.sysnet.ucsd.edu:8866/?results=.%2Fresults_llm%2Ftmp_dafnyVMC%2Foutput_EmbeddedPlaceholder-r3_dafnyVMC_32.csv&assertions=.%2Fresults%2Ftmp_dafnyVMC%2Ftesting_dafnyVMC_k33_32.csv&method=0
0,.//results/EnsureUntilTerminates_fix_98.dfy,EnsureUntilTerminates,4.609953,Errors,./results_llm/EnsureUntilTerminates_0.txt,possible violation of postcondition of forall statement,./results_llm/EnsureUntilTerminates__0_error.txt,./results_llm/EnsureUntilTerminates_fix_EmbeddedPlaceholder_0_6.dfy,EnsureUntilTerminates,3.432472,Errors,./results_llm/EnsureUntilTerminates_fix_0.txt,assertion might not hold,./results_llm/EnsureUntilTerminates_fix_0_error.txt,/usr/local/home/eric/dafny_repos/Dafny-VMC/src/ProbabilisticProgramming/EnsureUntilTerminates_fix_98.dfy_0_1_EmbeddedPlaceholder_prompt,2946,1,EmbeddedPlaceholder,,False,6,1,1,"assert WhileLoopExitsAfterOneIteration(body, reject, a) == (s: Rand.Bitstream) => proposal(s).Satisfies(accept);
",http://c10-10.sysnet.ucsd.edu:8866/?results=.%2Fresults_llm%2Ftmp_dafnyVMC%2Foutput_EmbeddedPlaceholder-r3_dafnyVMC_32.csv&assertions=.%2Fresults%2Ftmp_dafnyVMC%2Ftesting_dafnyVMC_k33_32.csv&method=0
0,.//results/EnsureUntilTerminates_fix_98.dfy,EnsureUntilTerminates,4.609953,Errors,./results_llm/EnsureUntilTerminates_0.txt,possible violation of postcondition of forall statement,./results_llm/EnsureUntilTerminates__0_error.txt,./results_llm/EnsureUntilTerminates_fix_EmbeddedPlaceholder_0_7.dfy,EnsureUntilTerminates,4.675338,Errors,./results_llm/EnsureUntilTerminates_fix_0.txt,assertion might not hold,./results_llm/EnsureUntilTerminates_fix_0_error.txt,/usr/local/home/eric/dafny_repos/Dafny-VMC/src/ProbabilisticProgramming/EnsureUntilTerminates_fix_98.dfy_0_1_EmbeddedPlaceholder_prompt,2932,1,EmbeddedPlaceholder,,False,7,1,1,"assert WhileLoopExitsAfterOneIteration(body, reject, a) == proposalIsAccepted;
",http://c10-10.sysnet.ucsd.edu:8866/?results=.%2Fresults_llm%2Ftmp_dafnyVMC%2Foutput_EmbeddedPlaceholder-r3_dafnyVMC_32.csv&assertions=.%2Fresults%2Ftmp_dafnyVMC%2Ftesting_dafnyVMC_k33_32.csv&method=0
0,.//results/EnsureUntilTerminates_fix_98.dfy,EnsureUntilTerminates,4.609953,Errors,./results_llm/EnsureUntilTerminates_0.txt,possible violation of postcondition of forall statement,./results_llm/EnsureUntilTerminates__0_error.txt,./results_llm/EnsureUntilTerminates_fix_EmbeddedPlaceholder_0_8.dfy,EnsureUntilTerminates,5.607189,Errors,./results_llm/EnsureUntilTerminates_fix_0.txt,assertion might not hold,./results_llm/EnsureUntilTerminates_fix_0_error.txt,/usr/local/home/eric/dafny_repos/Dafny-VMC/src/ProbabilisticProgramming/EnsureUntilTerminates_fix_98.dfy_0_1_EmbeddedPlaceholder_prompt,2946,1,EmbeddedPlaceholder,,False,8,1,1,"assert WhileLoopExitsAfterOneIteration(body, reject, a) == (s: Rand.Bitstream) => proposal(s).Satisfies(accept);
",http://c10-10.sysnet.ucsd.edu:8866/?results=.%2Fresults_llm%2Ftmp_dafnyVMC%2Foutput_EmbeddedPlaceholder-r3_dafnyVMC_32.csv&assertions=.%2Fresults%2Ftmp_dafnyVMC%2Ftesting_dafnyVMC_k33_32.csv&method=0
0,.//results/EnsureUntilTerminates_fix_98.dfy,EnsureUntilTerminates,4.609953,Errors,./results_llm/EnsureUntilTerminates_0.txt,possible violation of postcondition of forall statement,./results_llm/EnsureUntilTerminates__0_error.txt,./results_llm/EnsureUntilTerminates_fix_EmbeddedPlaceholder_0_9.dfy,EnsureUntilTerminates,,,./results_llm/EnsureUntilTerminates_fix_0.txt,expected either 'by' or a semicolon following the assert expression,./results_llm/EnsureUntilTerminates_fix_0_error.txt,/usr/local/home/eric/dafny_repos/Dafny-VMC/src/ProbabilisticProgramming/EnsureUntilTerminates_fix_98.dfy_0_1_EmbeddedPlaceholder_prompt,2932,1,EmbeddedPlaceholder,,False,9,1,1,"assert WhileLoopExitsAfterOneIteration(body, reject, a) contains proposalIsAccepted;
",http://c10-10.sysnet.ucsd.edu:8866/?results=.%2Fresults_llm%2Ftmp_dafnyVMC%2Foutput_EmbeddedPlaceholder-r3_dafnyVMC_32.csv&assertions=.%2Fresults%2Ftmp_dafnyVMC%2Ftesting_dafnyVMC_k33_32.csv&method=0
0,.//results/EnsureUntilTerminates_fix_98.dfy,EnsureUntilTerminates,4.609953,Errors,./results_llm/EnsureUntilTerminates_0.txt,possible violation of postcondition of forall statement,./results_llm/EnsureUntilTerminates__0_error.txt,./results_llm/EnsureUntilTerminates_fix_EmbeddedPlaceholder_0_10.dfy,EnsureUntilTerminates,4.865835,Errors,./results_llm/EnsureUntilTerminates_fix_0.txt,assertion might not hold,./results_llm/EnsureUntilTerminates_fix_0_error.txt,/usr/local/home/eric/dafny_repos/Dafny-VMC/src/ProbabilisticProgramming/EnsureUntilTerminates_fix_98.dfy_0_1_EmbeddedPlaceholder_prompt,2932,1,EmbeddedPlaceholder,,False,10,1,1,"assert WhileLoopExitsAfterOneIteration(body, reject, a) == proposalIsAccepted;
",http://c10-10.sysnet.ucsd.edu:8866/?results=.%2Fresults_llm%2Ftmp_dafnyVMC%2Foutput_EmbeddedPlaceholder-r3_dafnyVMC_32.csv&assertions=.%2Fresults%2Ftmp_dafnyVMC%2Ftesting_dafnyVMC_k33_32.csv&method=0
